offre,entreprise,adresse,lien de description
Data Engineer Big Data HF,Inetum,"Saint-Ouen, France",https://fr.talent.com/view?id=f5d5829db967
Data Scientist - Tabular Data,KLANIK,"Abu Dhabi, AUBE, CHAMPAGNE-ARDENNE, France",https://fr.talent.com/view?id=705fe8af52e3
Data Engineer Data Architect (HF),Scalian,"Toulouse, Haute-Garonne, France",https://fr.talent.com/view?id=a1eaa5d6c145
Data Engineer,EY,"Paris, Île-de-France, France",https://fr.talent.com/view?id=a38a392642bf
Data scientist,Banque-de-france,"Courbevoie, Île-de-France",https://fr.talent.com/view?id=f8028dbcec
Data Manager,AXA Luxembourg,"Amnéville, FR",https://fr.talent.com/view?id=8f2c3740d546
Data Engineer,Devoteam,"Levallois-Perret, France",https://fr.talent.com/view?id=83e0107a6815
Data Architect,Pernod Ricard,"Paris, Île-de-France, France",https://fr.talent.com/view?id=82a30ee2a8a7
Data Engineer,SESAMm,"Paris, Île-de-France, France",https://fr.talent.com/view?id=0b8c913808e0
Data engineer/ Data platform,WOLSOME,"Lille, Hauts-de-France, France",https://fr.talent.com/view?id=623fbafafddb
Data Engineer,Believe,"Paris, Île-de-France, France",https://fr.talent.com/view?id=5d179517815b
Data scientist,CESI,"Villeurbanne, Auvergne-Rhône-Alpes, France",https://fr.talent.com/view?id=f0a5aa78cf0e
Data scientist,AIRBUS,"Toulouse, Occitanie, France",https://fr.talent.com/view?id=cf01b4da83d2
Data Analyst,Artelia,"Échirolles, France",https://fr.talent.com/view?id=d615989b8baa
Data Scientist,Luni,"Paris, Île-de-France, .FR",https://fr.talent.com/view?id=93a6055b14b9
Data Analyste/Data Quality,SG,"La Défense, Île-de-France, France",https://fr.talent.com/view?id=b628ea6a9e46
Data Engineer Data Analyst (HF),CITECH,"Lyon, Rhône, France",https://fr.talent.com/view?id=47ad93cd40f3
Data Annotator,Innodata Inc.,"Strasbourg, FR",https://fr.talent.com/view?id=59a7a909774c
Data Engineer,Act Digital France,"Lyon, RHONE, RHONE-ALPES, France",https://fr.talent.com/view?id=e18ac78db292
VP Data,Timeleft,"Paris, Île-de-France, France",https://fr.talent.com/view?id=f4c87add5a99
Data Analyst,Ebiquity,"Paris, Île-de-France, France",https://fr.talent.com/view?id=d275ae106a0f
Data Scientist / Data Analyst H/F,Consort Group,"Paris, Île-de-France, France",https://fr.talent.com/view?id=299459177aad
Data Scientist,SESAMm,"Paris, Île-de-France, France",https://fr.talent.com/view?id=67b528867e9d
Data Analyst,Allegis group,"Paris, Île-de-France, France",https://fr.talent.com/view?id=4c1740c2f3b4
Data fullstack,Ekie,"Paris, Île-de-France, France",https://fr.talent.com/view?id=79fe7dbef152
Data Scientist,BlaBlaCar,"Paris, Île-de-France, France",https://fr.talent.com/view?id=91652559c84b
Data Engineer,Innova Solutions,"Nice, Provence-Alpes-Côte d'Azur, France",https://fr.talent.com/view?id=d129db717bf8
Data Analyst,Europcar,"Boulogne-Billancourt, Île-de-France, France",https://fr.talent.com/view?id=e90bcf174992
Data Engineer,Bloomfield Robotics,"Paris, Île-de-France, FR",https://fr.talent.com/view?id=915c9071996d
Manager Data,Robert Half,"Paris, Île-de-France, France",https://fr.talent.com/view?id=b3aef6e6dbac
Data analyst,5 Degrés,"Paris, Île-de-France, France",https://fr.talent.com/view?id=105f148f321a
Data Engineer,Geopost,"Issy-les-Moulineaux, Île-de-France, France",https://fr.talent.com/view?id=6e23aeda431a
Data scientist,Collective,"Paris, Île-de-France, France",https://fr.talent.com/view?id=7b549c0d5b65
Data engineer,Fulll,"Aix-en-Provence, Provence-Alpes-Côte d'Azur, France",https://fr.talent.com/view?id=32a05e36213c
Data engineer,MEOTEC,"Greater Dunkerque Area, France",https://fr.talent.com/view?id=b0cc2184978e
Data Engineer,Homa,"Paris, Île-de-France, FR",https://fr.talent.com/view?id=249888e66659
