offre,entreprise,adresse,lien de description
Data Engineer Big Data HF,Inetum,"Saint-Ouen, France",https://fr.talent.com/view?id=f5d5829db967
Data Scientist - Tabular Data,KLANIK,"Abu Dhabi, AUBE, CHAMPAGNE-ARDENNE, France",https://fr.talent.com/view?id=705fe8af52e3
Data Engineer Data Architect (HF),Scalian,"Toulouse, Haute-Garonne, France",https://fr.talent.com/view?id=a1eaa5d6c145
Data Scientist,Luni,"Bordeaux, Nouvelle-Aquitaine, .FR",https://fr.talent.com/view?id=9d09925ea907
Data engineer,Meritis | B Corp,"Lyon, FR",https://fr.talent.com/view?id=c495bd367efd
Data scientist,Banque-de-france,"Bagnolet, Île-de-France",https://fr.talent.com/view?id=9c369a28b3
Data Manager,AXA Luxembourg,"Amnéville, FR",https://fr.talent.com/view?id=8f2c3740d546
Data Analyst,Tilencia,"Paris, Île-de-France, France",https://fr.talent.com/view?id=eb1d62cdc0fd
Data Scientist,Barrington James,"Paris, Île-de-France, France",https://fr.talent.com/view?id=1f36a08aec77
Data Engineer,SESAMm,"Paris, Île-de-France, France",https://fr.talent.com/view?id=0b8c913808e0
Data Annotator,Innodata Inc.,"Nice, FR",https://fr.talent.com/view?id=346416da01bc
Data Engineer,ALTEN,"Nantes, Loire-Atlantique, France",https://fr.talent.com/view?id=1364e4070ce0
Data Engineer,Geopost,"Issy-les-Moulineaux, Île-de-France, France",https://fr.talent.com/view?id=6e23aeda431a
Data Engineer,Owkin,"Paris, Île-de-France, France",https://fr.talent.com/view?id=9aa076229689
Data Engineer,AIRBUS,"Toulouse, Occitanie, France",https://fr.talent.com/view?id=143e47582c30
Data Analyste/Data Quality,SG,"La Défense, Île-de-France, France",https://fr.talent.com/view?id=b628ea6a9e46
Data Engineer Data Analyst (HF),CITECH,"Lyon, Rhône, France",https://fr.talent.com/view?id=47ad93cd40f3
Data Engineer,Argain Consulting Innovation,"Nantes, Pays de la Loire, France",https://fr.talent.com/view?id=fa53246812ed
Data Engineer,Act Digital France,"Lyon, RHONE, RHONE-ALPES, France",https://fr.talent.com/view?id=e18ac78db292
Data Engineer,Homa,"Paris, Île-de-France, FR",https://fr.talent.com/view?id=249888e66659
Data Scientist,Veepee,"Paris, Île-de-France, France",https://fr.talent.com/view?id=31f6a0c81ab0
Data fullstack,Ekie,"Paris, Île-de-France, France",https://fr.talent.com/view?id=79fe7dbef152
Data Analysis,Cainiao,"Saint-Ouen-sur-Seine, Île-de-France, France",https://fr.talent.com/view?id=1a988461cd98
Data Scientist,BlaBlaCar,"Paris, Île-de-France, France",https://fr.talent.com/view?id=91652559c84b
Data Engineer,Innova Solutions,"Nice, Provence-Alpes-Côte d'Azur, France",https://fr.talent.com/view?id=d129db717bf8
Data Analyst,Europcar,"Boulogne-Billancourt, Île-de-France, France",https://fr.talent.com/view?id=e90bcf174992
Data Analyst,Blockchain.com,"Paris, Île-de-France, France",https://fr.talent.com/view?id=240cca7c844c
Data Engineer,Bloomfield Robotics,"Paris, Île-de-France, FR",https://fr.talent.com/view?id=915c9071996d
Data Architect,Pernod Ricard,"Paris, Île-de-France, France",https://fr.talent.com/view?id=82a30ee2a8a7
Data Scientist - Data Analyst H/F,Consort Group,"Boulogne-Billancourt, France",https://fr.talent.com/view?id=2d6481a5c52f
Data Scientist,Luni,"Paris, Île-de-France, .FR",https://fr.talent.com/view?id=93a6055b14b9
Data scientist,Collective,"Paris, Île-de-France, France",https://fr.talent.com/view?id=7b549c0d5b65
Data engineer,MEOTEC,"Greater Dunkerque Area, France",https://fr.talent.com/view?id=b0cc2184978e
Data engineer,Fulll,"Aix-en-Provence, Provence-Alpes-Côte d'Azur, France",https://fr.talent.com/view?id=32a05e36213c
Data Engineer,ILLUIN Technology,"Paris, Île-de-France, France",https://fr.talent.com/view?id=d88c62431bc2
VP Data,Timeleft,"Paris, Île-de-France, France",https://fr.talent.com/view?id=f4c87add5a99
